Item Code,Product Name (Arabic),Product Name (English),Unit,Barcode,Available Qty,Cost,Sell Price
001/001,سكري جلاكسيى 1كيلو,,جرام,,"882,099",$0.01,$15.00
001/001-1,سكري جلاكسيى 1كيلو,,كيلو,,"882,099",$5.93,$100.00
001/001-2,سكري جلاكسيى 1كيلو,,كرتون,,"882,099",$47.46,$100.00
001/002,علبة مناسبات,,علبة,,"1,103",$0.44,
001/003,سكري علبة مناسبات,,علبة,,1,$0.00,$4.00
001/004,سكري مع الطحينة,,علبة,,0,$0.00,$10.00
001/005,سكري ملكي 1ك,,جرام,,"645,500",$0.01,
001/005-1,سكري ملكي 1ك,,كيلو,101007601,"645,500",$6.70,$15.00
001/006,سكري علبة اسود صغير,,علبة,101005701,0,$0.00,$10.00
001/007,سكري علبة اسود كبير,,علبة,101005801,0,$0.00,$20.00
001/008,سكري تنك ذهبي صغير,,علبة,101008101,0,$0.00,$35.00
001/009,سكري تنك ذهبي كبير,,علبة,101008120,0,$0.00,$40.00
001/010,سكري هليل 1ك,,كيلو,,0,$0.00,$35.00
001/010-1,سكري هليل 1ك,,كرتون,,0,$0.00,$100.00
001/011,رشودية هليل 1ك,,علبة,101006201,0,$0.00,$15.00
001/011-1,رشودية هليل 1ك,,كرتون,101003501,0,$0.00,$45.00
001/012,نبتة علي هليل 1 ك,,علبة,101012001,32,$8.33,$15.00
001/012-1,نبتة علي هليل 1 ك,,كرتون,101003401,32,$25.00,$45.00
001/013,خلاص ضميد 1 ك,,كيلو,101012801,5,$10.00,$15.00
001/014,سكري ضميد 2 ك,,حبة,101013001,0,$0.00,$35.00
001/015,سكري صميد رقم 4,,حبة,101002301,10,$25.00,$45.00
001/016,سكري ضميد رقم 3,,حبة,101002201,0,$0.00,$60.00
001/017,حلوة حمراء,,حبة,6281105360914,0,$0.00,$20.00
001/017-1,حلوة حمراء,,كرتون,,0,$0.00,
001/018,سكري ضميد 1 كيلو,,حبة,101000901,0,$0.00,$20.00
001/018-1,سكري ضميد 1 كيلو,,كرتون,,0,$0.00,
001/019,معجون التمر,,حبة,11212252321523,0,$0.00,$8.00
001/020,تمر مخلط مطحون 5 ك,,حبة,101003001,0,$0.00,$30.00
001/021,خلاص القصيم مجروش 500 جم,,حبة,124458424542,26,$7.00,$10.00
001/022,سكري فاكيوم 500جم,,حبة,,6,$5.00,$8.00
001/023,سكري القصيم 4*1  500 جم,,حبة,6224008945246,0,$0.00,$14.00
001/024,خلاص القصيم 500 جم,,حبة,6465006236701,69,$5.00,$8.00
001/024-1,خلاص القصيم 500 جم,,كرتون,,69,$60.00,$90.00
001/025,خلاص الاحساء فاكيوم 1 ك,,حبة,6281105360013,61,$8.00,$12.00
001/025-1,خلاص الاحساء فاكيوم 1 ك,,كرتون,,61,$64.00,$80.00
001/026,خلاص الخرج فاكيوم 1 ك,,حبة,6281105360044,0,$0.00,$12.00
001/027,خلاص القصيم فاكيوم 1 ك,,حبة,6465006136704,0,$0.00,$12.00
001/028,حلوة حمراء صغير,,علبة,101001301,0,$0.00,$25.00
001/029,حلوة حمراء وسط,,علبة,101001501,4,$35.00,$50.00
001/030,حلوة حمراء كبير,,علبة,101001601,73,$50.00,$60.00
001/031,حلوة حمراء عملاق,,علبة,101001701,0,$0.00,$85.00
001/032,برني سطل صغير,,علبة,101008301,0,$0.00,$25.00
001/033,برني سطل كبير,,علبة,101008201,0,$0.00,$50.00
001/034,سكري القصيم علبة دائرية صغير,,علبة,101002701,0,$0.00,$12.00
001/035,سكري القصيم سطل,,علبة,101002501,6,$27.00,$40.00
001/036,رطب روتانا,,علبة,101009701,0,$0.00,$20.00
001/037,سكري رطب 3 كيلو,,كرتون,,26,$0.00,$60.00
001/038,سكري جلاكسي 3 كيلو,,كرتون,,0,$0.00,$75.00
001/039,سكري فاكيوم ملكي,,حبة,,527,$0.00,$12.00
001/039-1,سكري فاكيوم ملكي,,كرتون,,527,$0.00,$80.00
001/040,خلاص القصيم,,حبة,,0,$0.00,$15.00
001/040-1,خلاص القصيم,,كرتون,,0,$0.00,$100.00
001/041,خلاص القصيم,,حبة,,0,$0.00,$18.00
001/041-1,خلاص القصيم,,كرتون,,0,$0.00,$100.00
001/042,خلاص ملكي,,حبة,,0,$0.00,$6.00
001/042-1,خلاص ملكي,,كرتون,,0,$0.00,$60.00
001/043,صنف تجريبي,,حبة,,0,$0.00,$15.00
001/044,معجون تمر 5 كيلو,,حبة,,0,$0.00,$30.00
001/045,معجون تمر 5 ك كرتون,,كرتون,,22,$0.00,$85.00
001/046,سكري القصيم فاخر,,حبة,6287004380138,0,$0.00,$15.00
001/046-1,سكري القصيم فاخر,,كرتون,,0,$0.00,$100.00
001/047,خلاص القصيم فاكيوم 1 ك,,حبة,6287004640744,11,$0.00,$20.00
001/048,خلاص اسيقر كرتون,,حبة,,0,$0.00,$120.00
001/049,خلاص الخرج درجة اولي,,حبة,6281105360037,38,$0.00,$15.00
001/049-1,خلاص الخرج درجة اولي,,كرتون,,38,$0.00,$100.00
001/050,سكري دائري كبير,,حبة,,0,$0.00,$20.00
001/051,بسكويت التمر بزيت الزيتون حكايا,,حبة,,0,$0.00,$10.00
001/052,خلاص القصيم مجروش 1ك كرتون,,كرتون,,0,$0.00,
001/053,خلاص القصيم مجروش 1 كيلو,,حبة,,80,$0.00,$15.00
001/054,خلاص القصيم مجروش كرتون,,كرتون,,19,$0.00,$110.00
001/055,تمر حلوة بيضاء,,حبة,,0,$0.00,$100.00
001/056,خلاص الخرج نص كيلو,,حبة,6281105361478,0,$0.00,$8.00
001/057,خلاص القصيم كرتون 1 كيلو,,كرتون,,0,$0.00,$90.00
001/058,تمر معجون 1 كيلو1,,حبة,,0,$0.00,$10.00
001/059,خلاص القصيم كرتون,,حبة,,0,$0.00,$80.00
001/060,خلاص ملكي 500 غرام,,حبة,6287001641287,0,$0.00,$6.00
001/061,سكري القصيم بللوز,,حبة,6287000700404,25,$0.00,$15.00
001/062,سكري بللوز تين مسمس,,حبة,6287000700244,0,$0.00,$14.00
001/063,برني دايري,,حبة,,0,$0.00,$15.00
001/064,برحي دايري,,حبة,,0,$0.00,$15.00
001/065,عجوة المدينة 1 كيلو,,حبة,,0,$0.00,$50.00
001/066,خلاص القصيم الشيوخ نص كيلو,,حبة,6287020540059,0,$0.00,$8.00
001/067,خلاص القصيم نص كيلو كرتون,,حبة,,27,$0.00,$75.00
001/068,خلاص 1 كيلو,,حبة,6287001640037,55,$0.00,$10.00
001/069,خلاص الحساء كرتون,,حبة,,2,$0.00,$70.00
001/070,مبروم 1 كيلو,,حبة,,0,$0.00,$35.00
001/071,خلاص القصيم كرتون نص كيلو,,حبة,,0,$0.00,$65.00
001/072,خلاص الخرج نص كيلو كرتون,,حبة,,0,$0.00,$75.00
001/073,سكريى القصيم نص كيلو كرتون,,حبة,,0,$0.00,$70.00
001/074,خلاص الخرج نص كيلو,,حبة,,0,$0.00,$8.00
001/075,صقعي كرتون 3 كيلو,,حبة,,0,$0.00,$70.00
001/076,صقعي 1 كيلو,,حبة,,8,$0.00,$25.00
001/077,مجدول كرتون 3 كيلو,,حبة,,0,$0.00,$70.00
001/078,سكري القصيم فاخر 1 كيلو ك,,حبة,,0,$0.00,$85.00
001/079,خلاص القصيم ضميد 3 كيلو,,حبة,,13,$0.00,$45.00
001/080,خلاص القصيم مجروش 1 كيلو,,حبة,,0,$0.00,$17.00
001/081,مجدول 1 كيلو,,حبة,,184,$1.63,$25.00
001/082,سكري ضميد 1 كيلو,,حبة,,15,$0.00,$15.00
001/083,سكري ضميد 3 كيلو,,حبة,,0,$0.00,$50.00
001/084,عجوة المدينة 1 كيلو,,حبة,,0,$0.00,$40.00
001/085,سكري كرتون نص كيلو,,حبة,,0,$0.00,$80.00
001/086,سكري القصيم مفتل ممتاز,,حبة,6287004640645,0,$0.00,$55.00
001/087,خلاص الحساء كرتون,,حبة,,24,$0.00,$80.00
001/088,تمر معجون 1 كيلو كرتون,,حبة,,1,$0.00,$100.00
001/089,صقعي كرتون 3 كيلو,,حبة,6287004640928,11,$0.00,$60.00
001/090,افطار صايم,,حبة,,9,$0.00,$50.00
001/091,خلاص القصيم تنك زهبي كبير,,حبة,,3,$0.00,$40.00
001/092,رطب روثانة,,حبة,,0,$0.00,$15.00
001/093,سكري كرتون صغير,,حبة,,0,$0.00,$20.00
001/094,سكري هليل 1 ك,,حبة,,18,$0.00,$25.00
001/095,خلاص القصيم 250 جرام كرتون,,حبة,,0,$0.00,$40.00
001/096,خلاص القصيم تنك ذهبي صغير,,حبة,,0,$0.00,$35.00
001/097,سكري فاخر كرتون,,حبة,,0,$0.00,$110.00
001/098,سكري فاخر 1كيلو,,حبة,6507498926576,0,$0.00,$18.00
001/099,صقعي فاكيم كرتون,,حبة,,2,$0.00,$100.00
001/100,صقعي 1 كيلو,,حبة,9781131310053,15,$0.00,$15.00
001/101,عجوا المدينة 500 غرام,,حبة,,0,$0.00,$20.00
001/102,سكري القصيم كرتون,,حبة,,0,$0.00,$100.00
001/103,خلاص القصيم مجروش كرتون,,حبة,,1,$0.00,$130.00
001/104,خلاص القصيم مجروش 1 كيلو,,حبة,,15,$0.00,$18.00
001/105,خلاص الخرج 1 كيلو كرتون,,حبة,,0,$0.00,$80.00
001/106,رطب روثانة,,حبة,,0,$0.00,$12.00
001/107,سكري فاخر 1 كيلو,,حبة,,189,$0.00,$13.00
001/108,برني العيص سطل وسط,,حبة,,3,$0.00,$100.00
001/109,خلاص القصيم مجروش 500 غرام,,حبة,,0,$0.00,$10.00
001/110,سكري هليل 1 ك,,حبة,,0,$0.00,$30.00
001/111,سكري هليل ك 3 كيلو,,حبة,,0,$0.00,$55.00
001/112,مجدول 1 كيلو,,حبة,,0,$0.00,$40.00
001/113,برني العيص 500 جم,,حبة,,0,$0.00,$7.00
001/114,نبت علي 2 كيلو,,حبة,,0,$0.00,$25.00
001/115,عنبرة 1 كيلو,,حبة,,9,$0.00,$30.00
001/116,عنبرة 2 كيلو,,حبة,,0,$0.00,$65.00
001/117,تمرية محشية,,حبة,6281105452534,0,$0.00,$50.00
001/118,رشودية 2 كيلو,,حبة,,0,$0.00,$20.00
001/119,مجدول 1 كيلو,,حبة,,0,$0.00,$50.00
001/120,سكري كرتون,,حبة,,0,$0.00,$120.00
001/121,خلاص القصيم مجروش نص كيلو ك,,حبة,,0,$0.00,$100.00
001/122,ونانة ضميد 1كيلو,,حبة,,0,$0.00,$15.00
001/123,سكري ضميد 3 كيلو,,حبة,,0,$0.00,$40.00
001/124,نبت علي كرتون صغير,,حبة,,0,$0.00,$20.00
001/125,سكري رطب,,حبة,6281101730964,0,$0.00,$10.00
001/126,غرنب حواء 2 كيلو,,حبة,,0,$0.00,$20.00
001/127,لبانة 1كيلو,,حبة,121455,0,$0.00,$10.00
001/128,لبانة 2 كيلو,,حبة,101001899,0,$0.00,$20.00
001/129,صفاوي 1 كيلو,,حبة,,0,$0.00,$20.00
001/130,سكري هليل كرتون,,حبة,,0,$0.00,$120.00
001/131,خلاص باللوز,,حبة,6287001640402,24,$0.00,$22.00
001/132,سكريى ضميد رقم 1,,حبة,,27,$0.00,$40.00
001/133,حلوة طبق صغير,,حبة,,0,$0.00,$15.00
001/134,رشودية فاكيوم كرتون,,حبة,,1,$0.00,$90.00
001/135,رشودية فاكيوم 1 كيلو,,حبة,,16,$0.00,$13.00
001/136,افطار صايم,,حبة,,0,$0.00,$40.00
001/137,تمر صقعي رطب 3 كيلو,,كرتون,,31,$0.00,$60.00
001/138,تمر سكري جلاكسي 3 كيلو,,كرتون,,13,$0.00,$65.00
001/139,تمر نبتة علي 3 كيلو,,كرتون,,38,$0.00,$35.00
001/140,سكري علبة 1 كيلو,,علبة,,57,$0.00,$15.00
001/141,سكري علبة نص كيلو,,علبة,,92,$0.00,$10.00
001/142,تمر معجون كرتون,,كرتون,,0,$0.00,$80.00
001/143,تمر معجون 1 كيلو,,كرتون,,3,$0.00,$10.00
001/144,تمر مجدول 3 كيلو,,كرتون,,26,$0.00,$90.00
001/145,تمر مجدول كرتون صغير,,علبة,,22,$0.00,$40.00
001/146,دبس تمر 700 جرام,,علبة,6287001640310,9,$0.00,$15.00
001/147,طحينة ابو تركي 290 جرام,,علبة,6287005616151,0,$0.00,$13.00
001/148,رهايف الاقط بالتمر,,كرتون,6281105454033,0,$0.00,$22.00
001/149,رهايف كليجا كراميل,,كرتون,6281105453951,0,$0.00,$27.00
001/150,رهايف الزعتر بالتمر,,كرتون,6281105454026,0,$0.00,$22.00
001/151,رهايف فطيرة الفراولة,,كرتون,6281105454101,0,$0.00,$27.00
001/152,سكري مفتل كرتون 3 كيلو,,كرتون,9780201379525,20,$38.70,$60.00
001/153,سكري مفتل فاخر 3 كيلو,,كرتون,,0,$0.00,$120.00
001/154,رشودية 3 كيلو,,كرتون,,0,$0.00,$45.00
001/155,نبتة علي 3 كيلو,,كرتون,,0,$0.00,$45.00
001/156,مبروم 1 كيلو,,حبة,,0,$0.00,$30.00
001/157,صقعيى فاكيوم ك 3 كيلو,,حبة,,0,$0.00,$60.00
001/158,خلاص القصيم 250 جم,,حبة,,0,$0.00,$5.00
001/159,صقعيى باللوز,,حبة,6287048180251,0,$0.00,$45.00
001/160,صقعيى باللوز,,حبة,1020304050211,0,$0.00,$20.00
001/161,صقعيى بللوز 200 جم,,حبة,20304050414,0,$0.00,$11.00
001/162,صفاويى تمر 1 ك,,حبة,,0,$0.00,$25.00
001/163,خلاص القصيم 1 كيلو ك,,حبة,,0,$0.00,$120.00
001/164,خلاص القصيم 1 كيلو,,حبة,9780201372151,0,$0.00,$18.00
001/165,سكريى بالمكسرات,,حبة,20304050999,0,$0.00,$48.00
001/166,خلاص القصيم 250 جم,,حبة,6287007181206,0,$0.00,$6.00
001/167,خلاص علبة اسود صغير,,حبة,,0,$0.00,$10.00
001/168,نبوت سيف كرتون,,حبة,,0,$0.00,$100.00
001/169,نبوت سيف 1 كيلو,,حبة,,0,$0.00,$15.00
001/170,خلاص اشيقر كرتون,,حبة,,0,$0.00,$140.00
001/171,سكريى جلاكسيى 1 كيلو,,حبة,,0,$0.00,$25.00
001/172,صفريى فاكيم 1 كيلو,,حبة,,0,$0.00,$80.00
001/173,صفريى فاخر 1 ك,,حبة,6287014950024,0,$0.00,$12.00
001/174,سكري مفتل 3 ك,,حبة,6280000123425321,0,$0.00,
001/175,دبس التمر,,حبة,6281162002550,0,$0.00,$15.00
001/176,خلاص القصيم ملكي اسبشل 250 جم كرتون,,حبة,,0,$0.00,$60.00
001/177,خلاص اشيقر,,حبة,6281000348376,0,$0.00,$18.00
001/178,تمرية,,حبة,6287048180329,0,$0.00,$30.00
001/179,تمرية,,حبة,6287048180381,0,$0.00,$20.00
002/001,خلطة الغربي مشكل حراق,,علبة,6287012420024,8,$20.00,$20.00
002/001-1,خلطة الغربي مشكل حراق,,كرتون,,8,$240.00,
002/002,خلطة الغربي مشكل عادي,,علبة,6287012420017,23,$20.00,$20.00
002/002-1,خلطة الغربي مشكل عادي,,كرتون,,23,$240.00,
002/003,خلطة الغربي بديل مكعبات دجاج,,علبة,6287012420321,2,$21.00,$22.00
002/003-1,خلطة الغربي بديل مكعبات دجاج,,كرتون,,2,$252.00,
002/004,خلطة الغربي برستد عادي,,علبة,6287012420130,0,$0.00,$22.00
002/004-1,خلطة الغربي برستد عادي,,كرتون,,0,$0.00,
002/005,خلطة الغربي بروستد حراق,,علبة,6287012420147,0,$0.00,$25.00
002/005-1,خلطة الغربي بروستد حراق,,كرتون,,0,$0.00,
002/006,بهارات لحم صرة 220جم,,علبة,6287014440105,0,$0.00,$15.00
002/006-1,بهارات لحم صرة 220جم,,كرتون,,0,$0.00,
002/007,بهارات بربكيا صرة220 جم,,حبة,6287014440600,0,$0.00,
002/008,بهارات مشكلة صرة 200 جم,,علبة,6287014440549,0,$0.00,$15.00
002/009,بديل مكعبات الدجاج,,حبة,6287014440617,0,$0.00,$25.00
002/010,فلفل اسود 250 جم,,علبة,6287014440099,0,$0.00,$13.00
002/011,بهار عثماني صرة 200 جم,,علبة,6287014440457,0,$0.00,$15.00
002/012,بهارات سمك صرة 220 جم,,علبة,6287014440440,0,$0.00,$15.00
002/013,بهارات شوربة صرة 200جم,,علبة,6287014440037,0,$0.00,$18.00
002/014,كركم مطحون صرة 250 جم,,علبة,6287014440112,0,$0.00,$13.00
002/015,بهارات كبسة صرة 220جم,,علبة,6287014440051,0,$0.00,$15.00
002/016,بهارات الكاري 200 جم صرة,,علبة,6287014440044,0,$0.00,$15.00
002/017,بهارات البطاطس المقلية 300جم صرة,,علبة,6287014440020,0,$0.00,$18.00
002/018,بهارات دجاج صرة 220 جم,,علبة,6287014440075,0,$0.00,$15.00
002/019,نعناع حائل الجبلي مجفف صرة 120 جم,,علبة,6287014440464,0,$0.00,$15.00
002/020,زنجبيل صرة 285 جم,,علبة,6287014440013,0,$0.00,$25.00
002/021,زنجبيل بالنعناع صرة 285جم,,علبة,6287014440372,0,$0.00,$25.00
002/022,قهوة عربية صرة 250جم,,حبة,6287014440532,0,$0.00,$18.00
002/023,ملح ساسا باليود,,علبة,6281064110025,2,$2.30,$3.00
002/024,بسكويت اصابع  رغد,,علبة,6281100400257,0,$0.00,$20.00
002/025,زعتر صرة 200جم,,علبة,6287014440181,0,$0.00,$12.00
002/026,فلفل احمر مطحون 230جم,,علبة,6287014440082,0,$0.00,$12.00
002/027,بهارات القصيم مشكلة,,جرام,,"80,000",$0.02,
002/027-1,بهارات القصيم مشكلة,,علبة,,"80,000",$6.61,$10.00
002/027-2,بهارات القصيم مشكلة,,كيلو,,"80,000",$16.52,
002/027-3,بهارات القصيم مشكلة,,كيس,,"80,000",$330.44,
002/028,بهارات حب مخلط,,حبة,,0,$0.00,$14.00
002/029,معمول الكليجا,,حبة,6287032860244,27,$0.00,$20.00
002/030,كمون نص كيلو,,حبة,,0,$0.00,$12.00
002/031,كمون سوري 500 غرام,,حبة,,0,$0.00,$15.00
002/032,جريش 1 كيلو,,حبة,,0,$0.00,$8.00
002/033,معمول توفي حكايا,,حبة,6281105452626,0,$0.00,$18.00
002/034,سميد 1 كيلو,,حبة,,35,$3.48,$10.00
002/034-1,سميد 1 كيلو,,كيس,,35,$52.17,
002/035,بهارات القصيم للكبسة,,حبة,6281103300042,10,$0.00,$10.00
002/036,خلطة القصيم هيل,,حبة,6281103300868,0,$0.00,$10.00
002/037,خلطة القصيم الزعفران,,حبة,6281103300905,0,$0.00,$9.00
002/038,زعفران عماق,,حبة,,0,$0.00,$20.00
002/039,ينسون نص كيلو,,حبة,,0,$0.00,$12.00
002/040,خلطة القصيم كبير,,حبة,6281103300080,0,$0.00,$22.00
002/041,كركم مطحون علبة,,حبة,,0,$0.00,$10.00
002/042,فل فل اسود 500 غرام,,حبة,,0,$0.00,$25.00
002/043,قرنفل اندونيشي 250 غرام,,حبة,,0,$0.00,$20.00
002/044,قرفة 250 غرام,,حبة,6287023043625,0,$0.00,$7.00
002/045,نارجيل 400 غرام,,حبة,,4,$0.00,$10.00
002/046,ورق غار,,حبة,,0,$0.00,$5.00
002/047,ليمون اسود,,حبة,,0,$0.00,$10.00
002/048,هيل امريكي 160 جرام,,حبة,6800000007009,0,$0.00,$22.00
002/049,هيل امريكي 400 جرام,,حبة,6800000007092,0,$0.00,$47.00
002/050,دقة المدينة,,حبة,,9,$0.00,$10.00
002/051,قهوة ابوصالح 400 غرام,,حبة,6285107001745,0,$0.00,$30.00
002/052,زبيب 500 غرام,,حبة,,"5,000",$0.04,$12.00
002/053,البهارات السبة الغربي,,حبة,6287012420703,5,$0.00,$20.00
002/054,بهارات الكبسة الغربي,,حبة,6287012420505,13,$0.00,$20.00
002/055,بهارات المندي الغربي,,حبة,6287012420581,14,$0.00,$20.00
002/056,ميرمية,,حبة,6253507590312,21,$0.00,$10.00
002/057,لوبيا بيضاء 1 كيلو,,حبة,,0,$0.00,$12.00
002/058,حبة البركة نص كيلو,,حبة,,0,$0.00,$12.00
002/059,سمسم محمص 500 جرام,,حبة,,0,$0.00,$12.00
002/060,بهارات القصيم مشكلة,,حبة,6287013980510,0,$0.00,$15.00
002/060-1,بهارات القصيم مشكلة,,كيس,,0,$0.00,
002/061,كزبرة 500 غرام,,حبة,,0,$0.00,$10.00
002/062,كزبرة 250 غرام,,حبة,,0,$0.00,$5.00
002/063,زعتر السلام 500 جم,,حبة,6253501434063,0,$0.00,$7.00
002/064,بصل مقليى 200 جم,,حبة,,1,$0.00,$5.00
002/065,بصل مقليى 400 جم,,حبة,,0,$0.00,$10.00
002/066,زنجبيل ناعم 250 جم,,حبة,,0,$0.00,$12.00
002/067,فلفل احمر حب 150 جم,,حبة,,0,$0.00,$5.00
002/068,بمارات الكبسة السعودية,,حبة,6287018621258,0,$0.00,$15.00
002/069,قرفة فيتناميى 500 جم,,حبة,,0,$0.00,$18.00
002/070,قرفة فيتناميى 250 جم,,حبة,,0,$0.00,$10.00
002/071,بهارات الكبسة السعودية,,حبة,6287018621265,0,$0.00,$20.00
003/001,رهايف الزعتر بالتمر,,جرام,,"105,832",$0.02,$22.00
003/001-1,رهايف الزعتر بالتمر,,كيلو,,"105,832",$19.54,
003/002,مطاريز رغد 300ج,,حبة,6281100402893,3,$6.00,$12.00
003/002-1,مطاريز رغد 300ج,,كرتون,,3,$144.00,
003/003,مطاريز اللؤلؤة,,حبة,2144458846566,0,$0.00,$9.00
003/003-1,مطاريز اللؤلؤة,,كرتون,,0,$0.00,
003/004,معمول بالقرفة رغد,,علبة,6281100404552,0,$0.00,$17.00
003/005,قرص عمر - رغد,,علبة,6281100401513,0,$0.00,$20.00
003/006,معمول بالدخن - رغد,,علبة,6281100404583,7,$11.00,$18.00
003/007,معمول بالتمر - رغد,,علبة,6281100404576,0,$0.00,$18.00
003/008,معمول بر و نخالة - رغد,,علبة,6281100404569,0,$0.00,$17.00
003/009,معمول بالتوفي - رغد,,علبة,6281100404606,0,$0.00,$18.00
003/010,معمول بر - رغد,,علبة,6281100404590,0,$0.00,$18.00
003/011,بقصم - رغد,,حبة,6281100403982,0,$0.00,$15.00
003/012,كليجا مخصوص - رغد,,علبة,6281100404231,14,$25.00,$37.00
003/013,بيتي فور بالزبدة - رغد,,علبة,6281100402411,59,$8.00,$14.00
003/014,فتيت عنيزة - رغد,,علبة,6281100400417,0,$0.00,$20.00
003/015,كعك سمسم عنيزة - رغد,,علبة,6281100400066,6,$12.00,$20.00
003/016,بسكويت نخالة مخصوص - رغد,,علبة,6281100402152,0,$0.00,$20.00
003/017,بسكويت زيرو بالعسل - رغد,,علبة,6281100401063,0,$0.00,$12.00
003/018,بسكويت زيو بالحليب,,علبة,6281100401056,5,$8.00,$12.00
003/019,كروكون السمسم - زاد الشرق,,علبة,6281105451636,0,$0.00,$12.00
003/020,أساور معمول التمر - زاد الشرق,,علبة,6281105450134,0,$0.00,$12.00
003/021,اساور معمول تمر من غير سكر - زاد الشرق,,علبة,6281105450554,0,$0.00,$12.00
003/022,اساور معمول قرف-  زاد الشرق,,علبة,6281105450141,0,$0.00,$12.00
003/023,اساور معمول بر -  زاد الشرق,,علبة,6281105450127,0,$0.00,$12.00
003/024,اسور دخن -  زاد الشرق,,علبة,6281105451964,0,$0.00,$12.00
003/025,اساور معمول تمر بالحبة السوداء - زاد الشرق,,علبة,6281105451940,0,$0.00,$14.00
003/026,كب كيك -  زاد الشرق,,علبة,6281105451841,0,$0.00,$12.00
003/027,معمول فاخر بالحبة السوداء - زاد الشرق,,علبة,6281105451780,0,$0.00,$15.00
003/028,قرص عقيل -  زاد الشرق,,علبة,6281105451759,0,$0.00,$12.00
003/029,رقائق المعمول -  زاد الشرق,,علبة,6281105451926,0,$0.00,$15.00
003/030,برازق -  زاد الشرق,,علبة,6281105451735,0,$0.00,$14.00
003/031,كليجا -  زاد الشرق,,علبة,6281105450028,0,$0.00,$15.00
003/032,كليجا ملكي -  زاد الشرق,,علبة,6281105451681,0,$0.00,$15.00
003/033,سمسم الندى -  زاد الشرق,,علبة,6281105451988,0,$0.00,$15.00
003/034,معمول الشهد بالتمر,,علبة,6281102690533,1,$8.00,$15.00
003/035,معمول الشهد بر,,علبة,6281102690531,0,$0.00,$14.00
003/036,معمول شهد توفي,,علبة,6281102690532,0,$0.00,$14.00
003/037,معمول الشوكولاتة - شهد,,كرتون,6281102690557,0,$0.00,$15.00
003/038,معمول التوفي والشوكلاتة البيضاء,,علبة,6281102690427,0,$0.00,$15.00
003/039,معمول التمر مغطى بالشكلاتة  - سنابل شهد,,علبة,6281102690991,0,$0.00,$14.00
003/040,معمول القرفة - سنابل شهد,,علبة,6281102690830,3,$8.00,$13.00
003/041,معمول التةفي - سنابل شهد,,علبة,6281102690250,13,$10.00,$13.00
003/042,معمول بر - سنابل شهد,,علبة,6281102690823,0,$0.00,$13.00
003/043,معمول التمر - سنابل شهد,,علبة,6281102690267,0,$0.00,$13.00
003/044,معمول اصابع البر - سنابل شهد,,علبة,6281102690335,0,$0.00,$13.00
003/045,معمول تمر بنكهة الكابتشينو - سنابل شهد,,علبة,6281102690243,0,$0.00,$15.00
003/046,معمول بالمكسرات - سنابل شهد,,علبة,6281102690274,0,$0.00,$15.00
003/047,معمول شوكولاتة بيضاء - سنابل شهد,,علبة,6281102690403,0,$0.00,$15.00
003/048,معمول الشهد - سنابل شهد,,علبة,6281102690069,0,$0.00,$7.00
003/049,معمول الشهد كبير - سنابل شهد,,علبة,6281102690717,0,$0.00,$13.00
003/050,معمول الشهد بجوز الهند,,علبة,6281102690090,44,$10.00,$13.00
003/051,بيبي معمول - ريفي,,حبة,1044885522122,0,$0.00,$20.00
003/052,معمول الكليجا - ريفي,,علبة,9683812223346,0,$0.00,$20.00
003/053,معمول الكليجا بر - ريفي,,علبة,6287032860015,3,$37.00,$55.00
003/054,معمول الكليجا دخن - ريفي,,علبة,6287032860176,0,$0.00,$55.00
003/055,تقرمشي بحشوة الوكولاتة,,علبة,6281105451971,0,$0.00,$10.00
003/056,حلويات الذهبية (غريبة ),,علبة,628002274,0,$0.00,$15.00
003/057,كليجا - الذهبية,,حبة,208012201,32,$11.00,$20.00
003/058,الكليجا الملكية صغير,,علبة,208012301,0,$0.00,$20.00
003/059,تمرية نجد و الحجاز,,علبة,9780201302325,0,$0.00,$10.00
003/060,مصابيب وبل الحيا,,علبة,208009001,0,$0.00,$20.00
003/061,كليجا ام غادة,,علبة,2005006610,0,$0.00,$15.00
003/062,فتيت بالزنجبيل - رغد,,علبة,6281100403913,0,$0.00,$15.00
003/063,كليجا بالهيل - رغد,,علبة,6281100403272,0,$0.00,$15.00
003/064,غريبة بر,,علبة,2115487989880,144,$7.00,$12.00
003/065,غريبة دخن,,علبة,2115487989881,1,$7.00,$12.00
003/066,معمول فاخر,,علبة,2115487989882,0,$0.00,$12.00
003/067,غريبة لوز,,علبة,2115487989883,0,$0.00,$12.00
003/068,حمام البر بارد,,علبة,2115487989884,0,$0.00,$12.00
003/069,حمام البر حار,,علبة,2115487989910,0,$0.00,$12.00
003/070,معمول الجابرة,,علبة,6287010040811,0,$0.00,$8.00
003/071,معمول الجابرة سطل دخن,,علبة,6287010040675,0,$0.00,$17.00
003/072,تين مجفف 450 جم,,حبة,6214588996202,0,$0.00,$17.00
003/073,زيت السنام 500 مل,,علبة,6285596000021,0,$0.00,$20.00
003/074,سمن غنم 500 جم,,علبة,801000101,0,$0.00,$75.00
003/075,كمأة فقع 450 جم,,علبة,6133464000362,0,$0.00,$50.00
003/076,كليجا بنتي بالدبس 250جم,,علبة,6287016880046,30,$14.00,$20.00
003/077,كليجا بنتي زيت الزيتون 250 جم,,علبة,6287016880077,1,$13.00,$18.00
003/078,كليجا بنتي بالعسل 250 جم,,علبة,6287016881364,0,$0.00,$20.00
003/079,قرصان,,حبة,5012345678900,6,$7.00,$12.00
003/080,زبيب 500 جرام,,جرام,,"38,500",$0.00,
003/080-1,زبيب 500 جرام,,علبة,,"38,500",$0.00,$10.00
003/081,ميرمية,,حبة,,0,$0.00,$10.00
003/082,طحينة 250 جرام,,علبة,,0,$0.00,$10.00
003/083,طحينة 500 جرام,,علبة,,0,$0.00,$20.00
003/084,مطاريز رغد 500 جرام,,حبة,6281100403937,0,$0.00,$17.00
003/085,بيتي فور بحشوة النوتيلا,,حبة,6281105452749,0,$0.00,$12.00
003/086,معمول بالتمر حكايا,,حبة,6281105452619,0,$0.00,$18.00
003/087,كوكتيل اساور حكايا,,حبة,6281105452671,0,$0.00,$22.00
003/088,ويفر الحليب المغطي بالشوكلاتة,,حبة,6281105452725,0,$0.00,$18.00
003/089,ويفر داتز,,حبة,6281105451230,0,$0.00,$12.00
003/090,ويفر الفستق المغطي بالشوكلاتة,,حبة,6281105452060,0,$0.00,$12.00
003/091,معمول الكليجا بر,,حبة,6287032860206,20,$0.00,$20.00
003/092,معمول الكليجا دخن,,حبة,6287032860220,6,$0.00,$20.00
003/093,معمول النخالة بدون سكر,,حبة,6281102690977,3,$0.00,$15.00
003/094,كيك دخن,,حبة,6221125003,26,$0.00,$15.00
003/095,معمول الجابرة كبير,,حبة,6287010040347,0,$0.00,$15.75
003/096,معمول الجابرة مربع,,حبة,6287010040187,0,$0.00,$15.00
003/097,معمول عرض خاص,,حبة,6287010040149,0,$0.00,$5.75
003/098,خلطةالقصيم للقهوة 250 ج,,حبة,6281103300028,13,$0.00,$12.00
003/099,خلطةالقصيم للقهوة 125 ج,,حبة,6281103300011,1,$0.00,$8.00
003/100,بسكويت التمربزيت الزيتون,,حبة,,0,$0.00,$10.00
003/101,ملوخية بلدي,,حبة,,0,$0.00,$10.00
003/102,بيبي معمول حبة ورا حبة,,حبة,6287032860138,22,$0.00,$20.00
003/103,شمر,,حبة,,0,$0.00,$12.00
003/104,غريبة ام عبدالعزيز,,علبة,,0,$0.00,$15.00
003/105,دخن,,حبة,,5,$0.00,$15.00
003/106,معمول توفى رغد,,حبة,,0,$0.00,$12.00
003/107,معمول دخن رغد,,حبة,,0,$0.00,$12.00
003/108,الكليجا الذهبية,,علبة,,0,$0.00,$30.00
003/109,الكليجا الملكية,,علبة,,0,$0.00,$30.00
003/110,معمول الجابرة علبة,,علبة,6287010040354,0,$0.00,$15.00
003/111,معمول الجابرة دقيق دخن,,حبة,6287010040804,0,$0.00,$8.00
003/112,معمول الحابرة دقيق بر,,حبة,6287010040798,0,$0.00,$8.00
003/113,زيت زيتون 1 لتر تركيا,,حبة,,0,$0.00,$30.00
003/114,تين مجفف 250 غرام,,حبة,,0,$0.00,$9.00
003/115,معمول بلشوكولاتة حكايا,,حبة,6281105452633,0,$0.00,$18.00
003/116,معمول الشهد بر,,حبة,6281102690649,0,$0.00,$13.00
003/117,معمول ملكي,,حبة,9780221524530,0,$0.00,$13.00
003/118,كليجا بلدبس نجد,,حبة,9780256565416,24,$0.00,$16.00
003/119,سميد 1 كيلو,,حبة,,1,$60.87,$10.00
003/120,تمر مجدول 1 كيلو,,حبة,,0,$0.00,$30.00
003/121,معمول الدخن بدون سكر,,حبة,6281102690359,4,$0.00,$15.00
003/122,معمول تمر مغطس بلشيكولاتة البيضاء,,حبة,6281102691004,0,$0.00,$15.00
003/123,معمول الكليجا,,حبة,6281102691387,3,$0.00,$13.00
003/124,سمسم نص كيلو,,حبة,,0,$0.00,$10.00
003/125,حلبة 1 كيلو,,حبة,,2,$0.00,$15.00
003/126,معمول اصابع التمر,,حبة,6281102690281,0,$0.00,$13.00
003/127,عسل سمراة حضرمي 500 غرام -يمني,,حبة,,0,$0.00,$100.00
003/128,عسل بنجابي 500 غرام  -باكستاني,,حبة,,0,$0.00,$60.00
003/129,عسل بشاوري 500 غرام  -باكستاني,,حبة,,0,$0.00,$50.00
003/130,شابورة زاد الشرق,,حبة,6281105451254,0,$0.00,$12.00
003/131,تارت اللوتس,,حبة,]C109321654893219,0,$0.00,$24.00
003/132,زيت زيتون سوري 1 ليتر,,حبة,,0,$0.00,$35.00
003/133,كليجا توفي بنتي,,حبة,,9,$0.00,$20.00
003/134,معمول الكليجا زيت زيتون - ريفي,,حبة,6287032860022,21,$0.00,$60.00
003/135,معمول الكليجا ريفي,,حبة,6287032860183,22,$0.00,$55.00
003/136,بيبي معمول ريفي,,حبة,6287032860145,0,$0.00,$55.00
003/137,كليجا ميني بلدبس ريفي,,حبة,6287032860053,0,$0.00,$18.00
003/138,مرقوق منزيلي,,حبة,,0,$0.00,$13.00
003/139,معمول الكليجا زيت زيتون ريفي,,حبة,6287032860268,6,$0.00,$25.00
003/140,كليجا دبس ميني,,حبة,,0,$0.00,$40.00
003/141,كليجا لوكس القصيم,,حبة,,0,$0.00,$40.00
003/142,كليجا توفي كرتون,,حبة,,0,$0.00,$22.00
003/143,فتيت لتين كرتون,,حبة,,34,$0.00,$22.00
003/144,كليجا حشوة التمر,,حبة,,0,$0.00,$22.00
003/145,معمول كرتون,,حبة,,67,$0.00,$20.00
003/146,شابورة فلين,,حبة,,46,$0.00,$20.00
003/147,معمول التوفي والشكولاتة البني,,حبة,6281102690151,7,$0.00,$15.00
003/148,بسكويت زيرو بلشيكولاتة,,حبة,6281100401032,0,$0.00,$12.00
003/149,معمول فاخر بلمكسرات مغطس بلشوكولاتة الفاخرة,,حبة,6281105452664,0,$0.00,$22.00
003/150,ويفر مغطس بلشوكولا بحشوة البندق,,حبة,6281105450479,0,$0.00,$25.00
003/151,جوزية الشهد,,جرام,6281102690496,0,$0.00,$17.00
003/152,كوكيز-حمكايا,,حبة,6281105451933,0,$0.00,$16.00
003/153,بسكويت الزعتر,,حبة,6281105452787,0,$0.00,$10.00
003/154,فتيت مخصوص بالشوفان,,حبة,6281100400646,0,$0.00,$40.00
003/155,ملكة الكليجا بالدبس-بنتي,,حبة,6287016880084,16,$0.00,$48.00
003/156,معمول المدينة دخن,,حبة,6287016881579,3,$0.00,$18.00
003/157,معمول المدينة ابيض,,حبة,6287016881593,2,$0.00,$18.00
003/158,معمول المدينة بر,,حبة,6287016881586,6,$0.00,$18.00
003/159,معمول كليجا 1 كيلو,,حبة,6287016881418,0,$0.00,$35.00
003/160,معمول توفي,,حبة,6287016880480,0,$0.00,$18.00
003/161,معمول بر و نخالة,,حبة,6287016880961,12,$0.00,$18.00
003/162,معمول قرفة,,حبة,6287016880466,3,$0.00,$18.00
003/163,معمول دخن,,حبة,6287016880473,3,$0.00,$18.00
003/164,معمول بر,,حبة,6287016880459,5,$0.00,$18.00
003/165,معمول تمر,,حبة,6287016880442,3,$0.00,$18.00
003/166,كيك التمر بالزنجبيل,,حبة,6287006612008,0,$0.00,$12.00
003/167,كيك التمر,,حبة,6287006612022,0,$0.00,$12.00
003/168,معمول بالبر,,حبة,6287006611629,0,$0.00,$16.00
003/169,معمول بالتوفي,,حبة,6287006611605,0,$0.00,$16.00
003/170,معمول بالتمر,,حبة,6287006611612,0,$0.00,$16.00
003/171,طحينة السمسم,,حبة,3030240,0,$0.00,$12.00
003/172,سكر ناعم 1 ك,,حبة,6281011411052,24,$0.00,$5.00
003/173,معمول الشكولاتة - الشهد,,حبة,6281102690892,0,$0.00,$10.00
003/174,معمول الكبتشينو - الشهد,,حبة,6281102690915,0,$0.00,$10.00
003/175,معموت مكسرات - الشهد,,حبة,6281102690861,0,$0.00,$10.00
003/176,ورق عينب,,حبة,,0,$0.00,$16.00
003/177,معمول الجابرة -بر,,حبة,6287010040897,0,$0.00,$13.00
003/178,معمول الجابرة,,حبة,6287010040132,0,$0.00,$17.00
003/179,ويفر جوزالهند,,حبة,6281105452688,0,$0.00,$10.00
003/180,ويفر بكريمة البندوق,,حبة,6281105452053,0,$0.00,$12.00
003/181,معمول بلشوكولاتة والكابتشينو,,حبة,6281105452503,2,$0.00,$18.00
003/182,معمول بلشوكولا والكراميل,,حبة,6281105451629,0,$0.00,
003/183,معمول الجابرة سطل,,حبة,6287010041160,0,$0.00,$15.00
003/184,معمول الجابرة سطل,,حبة,6287010041177,0,$0.00,$15.00
003/185,معمول الجابرة سطل,,حبة,6287010041153,0,$0.00,$15.00
003/186,معمول الجابرة سطل,,حبة,6287010041221,0,$0.00,$15.00
003/187,معمول الجابرة سطل,,حبة,6287010041238,0,$0.00,$15.00
003/188,سمبوسة,,حبة,,0,$0.00,$22.00
003/189,كشري,,حبة,,0,$0.00,$12.00
003/190,معمول اصابع السمسم,,حبة,6281105450288,0,$0.00,$12.00
003/191,معمول اصابع سادة,,حبة,6281105451742,0,$0.00,$12.00
003/192,معمول الجابرة,,حبة,6287010041214,0,$0.00,$15.00
003/193,معمول الجابرة,,حبة,6287010041184,0,$0.00,$15.00
003/194,ملكة الكلايجا بالدبس بنتي,,حبة,6287016881968,6,$0.00,$36.00
003/195,ملكة الكليجا ميني بنتي,,حبة,6287016881975,9,$0.00,$28.00
003/196,معمول تمر سطل,,حبة,6287016882132,0,$0.00,$18.00
003/197,معمول دخن سطل,,حبة,6287016882149,0,$0.00,$18.00
003/198,معمول قرفة سطل,,حبة,6287016882163,0,$0.00,$18.00
003/199,معمول بر سطل,,حبة,6287016882156,0,$0.00,$18.00
003/200,كليجا بنتي,,حبة,6287016880053,0,$0.00,$18.00
003/201,قرصان راما,,حبة,628777322247,0,$0.00,$12.00
003/202,معمول التين بزيت الزيتون,,حبة,6281105452435,0,$0.00,$25.00
003/203,سمسم الندي,,حبة,6281105452831,0,$0.00,$25.00
003/204,غريبة تونسية,,حبة,6281105450189,0,$0.00,$45.00
003/205,معمول التاج,,حبة,5000189273573,160,$0.00,$15.00
003/206,اصابع معمول بر,,حبة,6281102692254,0,$0.00,$13.00
003/207,كليجا السنعة,,حبة,6287016440097,8,$0.00,$50.00
003/208,كليجا السنعة,,حبة,6287016440240,24,$0.00,$28.00
003/209,معمول السنعة,,حبة,6287016440479,11,$0.00,$18.00
003/210,معمول السنعة بر,,حبة,6287016440486,15,$0.00,$18.00
003/211,معمول السنعة دخن,,حبة,6287016440455,2,$0.00,$18.00
003/212,معمول تمر فاخر,,حبة,6287016440394,0,$0.00,$28.00
003/213,معمول كليجا بنتي,,حبة,6287016882125,2,$0.00,$22.00
003/214,معمول تمر بلشوفان بنتي,,حبة,6287016881906,0,$0.00,$18.00
003/215,معمول برونخالة سطل بنتي,,حبة,6287016882187,0,$0.00,$18.00
003/216,بسكويت التمر الفاخر,,حبة,6281102691011,8,$0.00,$14.00
003/217,بسكويت الشوفان,,حبة,6281102692391,0,$0.00,$16.00
003/218,كليجا دبس,,حبة,6281102692384,0,$0.00,$16.00
003/219,معمول التمر مغطي بالشوكولاتة البيضاء,,حبة,6281102692292,0,$0.00,$15.00
003/220,معمول التمر مغطي بالشوكولاتة البني,,حبة,6281102692285,1,$0.00,$15.00
003/221,معمول بر بدون سكر مضاف,,حبة,6281102692360,0,$0.00,$15.00
003/222,معمول كليجا,,حبة,6281102692322,0,$0.00,$15.00
003/223,معمول بالتمر حكايا,,حبة,6281105453050,0,$0.00,$12.00
003/224,دبس التمر طبيعي علبة كبير,,حبة,,15,$0.00,$25.00
003/225,شابورة السنعة,,حبة,6287016440264,0,$0.00,$30.00
003/226,كليجا ميني بدبس التمر,,حبة,6287016440219,24,$0.00,$38.00
003/227,فتيت السنعة,,حبة,6287016440295,3,$0.00,$30.00
003/228,مفن كيك بالتمر,,حبة,6281105453234,0,$0.00,$40.00
003/229,معمول بالتوفي حكايا,,حبة,6281105453074,0,$0.00,$12.00
003/230,معمول مغطس بالشوكولاتة حكايا,,حبة,6281103457067,0,$0.00,$12.00
003/231,معمول قرفة السنعة,,حبة,6287016440509,2,$0.00,$18.00
003/232,معمول اصابع جوزالهند,,حبة,6281105450301,0,$0.00,$12.00
003/233,معمول بالقرفة سطل,,حبة,6287016440578,0,$0.00,$18.00
003/234,معمول بالدخن سطل,,حبة,6287016440592,0,$0.00,$18.00
003/235,معمول تمر سطل,,حبة,6287016440561,0,$0.00,$18.00
003/236,معمول تمر حبة البركة و السمسم,,حبة,6287016440585,0,$0.00,$18.00
003/237,كليجا بالتوفي بنتي,,حبة,6287016880107,0,$0.00,$40.00
003/238,كليجا السنعة بزيت الزيتون,,حبة,6287016440301,5,$0.00,$28.00
003/239,كليجا السنعة بالعسل,,حبة,6287016440233,3,$0.00,$32.00
003/240,كليجا السنعة بالتوفي,,حبة,6287016440226,11,$0.00,$37.00
003/241,كرنشي تشوكليت,,حبة,6281102692773,0,$0.00,$10.00
003/242,كليجا دبس,,حبة,6281102692872,0,$0.00,$32.00
003/243,بقصم بر ميني,,حبة,6281100400387,1,$0.00,$12.00
003/244,بقصم ميني,,حبة,6281100400370,2,$0.00,$12.00
003/245,كرات تمرمشوة بالطحينة,,حبة,6281100402794,23,$0.00,$20.00
003/246,سمن غنم بلدي 500 غرام,,حبة,9780245874567,0,$0.00,$75.00
003/247,طحينة القصيم البلدي 250 غرام,,حبة,9780245872228,16,$0.00,$10.00
003/248,طحينة القصيم البلدي 500 غرام,,حبة,9780201565454,0,$0.00,$20.00
003/249,كليجا زاد الشرق,,حبة,6281105453357,0,$0.00,$35.00
003/250,كرات تمر محشوة بالطحينة,,حبة,6281100402800,64,$0.00,$20.00
003/251,فتيت السنعة,,حبة,6287016440653,5,$0.00,$18.00
003/252,كرات التمر والشوكولاتة,,حبة,6281105453395,0,$0.00,$25.00
003/253,معمول الشهد مشكل,,حبة,6281102692346,6,$0.00,$17.00
003/254,رهايف التمر,,حبة,6281105453647,1,$87.18,$20.00
003/255,فتيت القصيم منزلي,,حبة,6281100402510,8,$0.00,$25.00
003/256,رهايف التين,,حبة,6281105453821,6,$0.00,$25.00
003/257,مفن كيك بالتمر فانيليا شوكولاتة,,حبة,6281105453524,0,$0.00,$25.00
003/258,رهايف الشوفان بالتمر,,جرام,6281105453869,1,$78.66,$25.00
003/259,رهايف فطيرة التفاح,,جرام,6281105453852,1,$117.99,$25.00
003/260,كيك مافن,,حبة,6287039500563,8,$0.00,$35.00
003/261,فتيت المعية,,حبة,6020050,6,$0.00,$20.00
003/262,ميني رهايف التين,,حبة,6281105453890,8,$0.00,$15.00
003/263,ميني رهايف التمر,,حبة,6281105453876,10,$0.00,$14.00
003/264,تمرية محشية بالطحينة,,حبة,6287016441032,27,$0.00,$15.00
003/265,تمرية محشية بالطحينة,,حبة,6287016441223,21,$0.00,$15.00
003/266,حلا كاسات نجد,,حبة,,1,$0.00,$45.00
003/267,شكالاتة مقطع نجد,,حبة,,6,$0.00,$45.00
003/268,بيتي فور نجد,,حبة,,0,$0.00,$40.00
003/269,موالح نجد,,حبة,,2,$0.00,$40.00
003/270,معمول سنابل مشكل,,حبة,6281102693695,0,$0.00,$15.00
003/271,رهايف كليجا,,حبة,6281105453944,1,$0.00,$25.00
003/272,معمول الكليجا بحبه البركه والسمسم,,حبة,6287032860275,2,$0.00,$25.00
003/273,تمرية محشية بالطحينة بجوزالهند,,حبة,6287016441247,26,$0.00,$15.00
003/274,تمرية محشية بالطحينة باللوز,,حبة,6287016441018,27,$0.00,$17.00
003/275,بيتي فور بالذبدة رغد,,علبة,6281100400783,0,$0.00,$17.00
003/276,اصابع تمر بالشةكلاته بنتي,,علبة,6287016883986,0,$0.00,$10.00
003/277,دبس تمر 390 جم,,حبة,6223003332259,0,$0.00,$12.00
003/278,بسكويت السنعة بالتمر,,حبة,6287016440325,0,$0.00,$16.00
003/279,معمول الشهد 300 جرام,,حبة,6281102690809,0,$0.00,$5.75
003/280,خفايف المعمول,,حبة,6281102690564,0,$0.00,$21.00
003/281,حلاوة بقر 250 جرام,,حبة,5906525000424,0,$0.00,$7.00
003/282,رهايف كليجا بدون سكر,,حبة,6281105454361,0,$0.00,$25.00
003/283,رهايف كليجا دخن,,حبة,6281105454354,0,$0.00,$25.00
003/284,رهايف كليجا بالقهوة السعودية,,حبة,6281105454347,0,$0.00,$25.00
003/285,طحينة بنتيى,,حبة,6287016881135,0,$0.00,$12.00
003/286,معمول مينيى بنتيى,,حبة,6287016883320,0,$0.00,$3.00
003/287,معمول مينيى بنتيى,,حبة,6287016883337,0,$0.00,$5.00
003/288,فتيت مخصوص بالشوفان,,حبة,6281100400318,0,$0.00,$32.00
003/289,القهوة النجدية,,حبة,6281102690779,0,$0.00,$18.00
003/290,برازق,,حبة,4260646290913,0,$0.00,$25.00
003/291,غريبة,,حبة,6224007835685,0,$0.00,$25.00
003/292,معمول كعب الغزال جوزلهند,,حبة,6224007835067,1,$0.00,$20.00
003/293,معمول بالتمر,,حبة,6224007835692,0,$0.00,$20.00
003/294,معمول كعب الغزال بالتمر والسمسم,,حبة,6224007835074,0,$0.00,$20.00
003/295,برازق,,حبة,6224007835166,0,$0.00,$20.00
003/296,رمايف بالكراميل والبيكان,,حبة,6281105454378,0,$0.00,$35.00
003/297,معمول مشكل بنتيى,,حبة,6287016881258,0,$0.00,$12.00
003/298,دخن 500 غرام,,حبة,,0,$0.00,$8.00
003/299,شابورة فلين,,حبة,,0,$0.00,$15.00
003/300,بقلاوة نجدية,,حبة,6281105454330,0,$0.00,$41.00
003/301,معمول البر الحطب,,حبة,6287001562131,0,$0.00,$20.00
003/302,معمول بالقرفة الحطب,,حبة,6287001562124,0,$0.00,$20.00
003/303,معمول كبير بر الحطب,,حبة,6287043720056,0,$0.00,$28.00
003/304,معمول كبير سادة الحطب,,حبة,6287001562551,0,$0.00,$23.00
003/305,معمول كبير بر الحطب,,حبة,6287001562568,0,$0.00,$23.00
003/306,معمول الشوكولاوجوزالهند,,حبة,6287001562094,0,$0.00,$22.00
003/307,معمول مشكل الحطب,,حبة,6287001562117,0,$0.00,$22.00
003/308,معمول تمر الحطب,,حبة,6287001562100,0,$0.00,$22.00
003/309,معمول شوكولا الحطب,,حبة,6287001562087,0,$0.00,$22.00
003/310,معمول التمر,,حبة,6287016440042,0,$0.00,$14.00
003/311,فتيت التمر بالحبة الكاملة,,حبة,6287016441070,0,$0.00,$14.00
003/312,معمول بالتمر دخن,,حبة,6287016440158,0,$0.00,$14.00
003/313,دبس التمر الفاخر بنتيى,,حبة,6287016881142,0,$0.00,$12.00
003/314,معمول عرض خاص,,حبة,6281102690007,0,$0.00,$10.00
003/315,مطازيز فاخرة,,حبة,36409760143521,0,$0.00,$9.00
003/316,كليجا صغيرونة,,حبة,6281105454453,0,$0.00,$11.00
003/317,دبس التمر 250 جم,,حبة,6287016884778,0,$0.00,$7.00
003/318,كرات تمر مهشوة بالطحينة و مفطاة بالمكسرات,,حبة,6281100402817,0,$0.00,$23.00
003/319,برازق بالفستق و السمسم,,حبة,6281100401452,0,$0.00,$18.00
003/320,برازق,,حبة,6287021250094,0,$0.00,$19.00
003/321,معمول بر بزيت الزيتون,,حبة,6281100401070,0,$0.00,$15.00
003/322,كعك حاليى,,حبة,6281100400332,0,$0.00,$10.00
003/323,بسكويت زيرو بالحليب,,حبة,6281100404033,0,$0.00,$7.00
003/324,بسكويت زيرو بالعسل,,حبة,6281100404040,0,$0.00,$7.00
003/325,زبيب اسود افغانيى 500 جم,,حبة,,0,$0.00,$20.00
003/326,ماربل كعك التمر,,حبة,6281105453883,0,$0.00,$42.00
003/327,تمرية روشية,,حبة,6281100402824,0,$0.00,$25.00
003/328,كليجا العقيلات,,حبة,6281102694227,0,$0.00,$24.00
003/329,معمول العقيلات,,حبة,6281102693848,0,$0.00,$16.00
003/330,كيك التمر بالشوكولاتة,,حبة,6281102694234,0,$0.00,$16.00
003/331,كيك التوفيى بالشوكولاتة,,حبة,6281102694241,0,$0.00,$25.00
003/332,فتيت,,حبة,6281102694265,0,$0.00,$15.00
003/333,معمول شوكولاتة بيضاع,,حبة,6281102694128,0,$0.00,$7.00
003/334,معمول بالمكسرات,,حبة,6281102693879,0,$0.00,$7.00
003/335,معمول الشوكولاتة,,حبة,6281102694104,0,$0.00,$7.00
003/336,معمول تمر الكابتشينو,,حبة,6281102694111,0,$0.00,$7.00
003/337,سمسم السنعة,,حبة,6287016440288,0,$0.00,$23.00
003/338,معمول التاج,,حبة,5000189273564,1,$0.00,$7.00
003/339,معمول التاج,,حبة,5000189273584,0,$0.00,$8.00
003/340,ملكة الكليجا بالدبس,,حبة,6287016883993,0,$0.00,$12.00
003/341,كرات التمر بالطحينة والسمسم,,حبة,6281105454514,0,$0.00,$15.00
003/342,كرات عجوة المدينة بالطحينة و السمسم,,حبة,6281105454552,0,$0.00,$22.00
003/343,كليجا العربيى مخصوص,,حبة,6281100402589,0,$0.00,$45.00
003/344,بسكويت بالزبدة,,حبة,6281100401704,0,$0.00,$12.00
003/345,بسكويت جوزالهند,,حبة,6281100401698,0,$0.00,$12.00
003/346,كليجا القصيم,,حبة,6281102690182,0,$0.00,$13.00
003/347,بيتفور,,حبة,6281000683170,0,$0.00,$35.00
003/348,حلويات مشكلة,,حبة,6281000683057,0,$0.00,$40.00
003/349,معمول كبير,,حبة,6281000683262,0,$0.00,$35.00
003/350,بقلاوة وسط,,حبة,6281000683163,0,$0.00,$38.00
003/351,بيتفور وسط,,حبة,6281000683798,0,$0.00,$30.00
003/352,حلويات مشكلة,,حبة,6281000683071,0,$0.00,$30.00
003/353,معمول وسط,,حبة,6281000683156,0,$0.00,$30.00
003/354,معمول,,حبة,6281000683347,0,$0.00,$28.00
003/355,معمول  مربع,,حبة,6281000683323,0,$0.00,$15.00
003/356,بيتفور صغير,,حبة,6281000683460,0,$0.00,$12.00
003/357,حلويات مشكلة,,حبة,6281000683453,0,$0.00,$12.00
003/358,معمول تمر,,حبة,6281000683446,0,$0.00,$12.00
003/359,كليجا مينيى,,حبة,134-522-129,0,$0.00,$17.00
003/360,برازق بالفستق,,حبة,6492748735421,0,$0.00,$20.00
003/361,كرواسون منزليى,,حبة,,0,$0.00,$20.00
003/362,معمول بالحليب المحموس,,حبة,,0,$0.00,$49.00
003/363,سبعة حبوب صحية,,حبة,6281105454590,0,$0.00,$15.00
003/364,معمول بالحليب المحموس,,حبة,6281105454576,0,$0.00,$49.00
003/365,كليجا بالعسل,,حبة,6287016884013,0,$0.00,$12.00
003/366,كليجا بالتوفيى,,حبة,6287016884037,0,$0.00,$12.00
003/367,كليجا بالعسل,,حبة,6287016882873,0,$0.00,$28.00
003/368,كليجا بزيت الزيتون,,حبة,6287016882880,0,$0.00,$22.00
003/369,كليجا بالحليب المحموس,,حبة,6281105450349,0,$0.00,$49.00
003/370,بقلاوة نجدية,,حبة,6281105454415,0,$0.00,$42.00
003/371,كرات التمر بالمكسرات,,حبة,6281102694371,0,$0.00,$17.00
003/372,كرات التمر بالطحينة والسمسم,,حبة,6281102694388,0,$0.00,$17.00
003/373,كوكيز بالحليب المحموس,,حبة,6281105454613,0,$0.00,$49.00
003/374,شابورة اصابع بر كيس 750 جرام,,حبة,6281100402657,0,$0.00,$14.00
003/375,معمول منزلي,,حبة,,0,$0.00,$15.00
003/376,معمول تمر فاخر,,حبة,6281100401094,0,$0.00,$14.00
003/377,معمول برونخالة فاخر,,حبة,6281100401087,0,$0.00,$14.00
003/378,محوجة تمر,,حبة,6287043720407,0,$0.00,$30.00
003/379,كريمة الكوكيز,,حبة,6287043720292,0,$0.00,$33.00
003/380,شوكولاتة بكريمة الكابتشينو,,حبة,6287043720193,0,$0.00,$33.00
003/381,شوكولاتة بكريمة البندق,,حبة,6287043720179,0,$0.00,$33.00
003/382,شوكولاتة بكريمة اللوز,,حبة,6287043720186,0,$0.00,$33.00
003/383,معمول مشكل بالتمر الفاخر,,حبة,6281100400608,0,$0.00,$17.00
003/384,بقلاوة صغير,,حبة,6281000683477,0,$0.00,$16.00
003/385,جوزية جوز علبة,,حبة,628004264,0,$0.00,$17.00
003/386,جواهر بنتي,,حبة,6287016881302,0,$0.00,$23.00
004/001,قهزة عربي الغربي,,حبة,6287012420307,0,$0.00,
004/001-1,قهزة عربي الغربي,,كرتون,,0,$0.00,
004/002,عسل حمضيات مع الشمع 500جم,,علبة,701000601,0,$0.00,$220.00
004/003,عسل الامام اثل 500 جم,,علبة,701000201,0,$0.00,$170.00
004/004,حبيبات اللقاح,,علبة,701000701,0,$0.00,$60.00
007/001,موقف,,علبة,,0,$0.00,$0.00
007/002,زبدة غنم 250جم,,جرام,,0,$0.00,
007/002-1,زبدة غنم 250جم,,علبة,801000201,0,$0.00,$20.00
007/002-2,زبدة غنم 250جم,,كيلو,,0,$0.00,$80.00
007/003,بقل عادي,,حبة,,0,$0.00,$25.00
007/004,بقل ميني بلتمر,,حبة,,0,$0.00,$25.00
007/005,بقل ميني سادة,,حبة,,0,$0.00,$20.00
007/006,بقل سطل,,حبة,,76,$0.00,$35.00
008/003,علبة تمر بالطحينة,,علبة,,"1,323",$1.38,
008/004,علبة اسود صغير,,علبة,,722,$0.00,$10.00
008/005,علبة اسود كبير,,علبة,,32,$1.53,$20.00
008/006,تنك ذهبي صغير,,علبة,,183,$3.50,
008/007,تنك ذهبي كبير,,علبة,,31,$3.39,